"","idMOP","Type","Town.Name","BTO.Project.Name","Launch.Date","Year.of.Completion","No.of.Studio.units","No.of.2.room.units","No.of.3.room.units","No.of.4.room.units","No.of.5.room.units","No.of.3.gen.units","Total.no.of.units","End_of_mop","lon","lat","type","loctype","address","north","south","east","west"
"1","1","MOP","Punggol","Waterway Terraces","30 Jun 2010",2015,NA,NA,178,588,306,NA,1072,2020,103.9007848,1.4093609,"establishment","rooftop","310b punggol walk, singapore 822310",1.41070988,1.40801192,103.9021338,103.8994358
"2","2","MOP","Punggol","Punggol Topaz","22 Dec 2010",2015,NA,NA,184,542,284,NA,1010,2020,103.8962771,1.4048583,"establishment","rooftop","260 punggol way, singapore 822260",1.40620728,1.40350932,103.8976261,103.8949281
"3","3","MOP","Punggol","Waterway Terraces II","25 Apr 2011",2015,NA,NA,118,440,246,NA,804,2020,103.9007848,1.4093609,"establishment","rooftop","310b punggol walk, singapore 822310",1.41070988,1.40801192,103.9021338,103.8994358
"4","4","MOP","Woodlands","Woodlands Peak","27 May 2011",2015,127,NA,95,NA,NA,NA,222,2020,103.7750909,1.431815,"establishment","rooftop","302a woodlands street 31, singapore 731302",1.43316398,1.43046602,103.7764399,103.7737419
"5","5","MOP","Punggol","Waterway Woodcress","22 Sep 2011",2015,NA,NA,100,350,244,NA,694,2020,103.909202,1.4059811,"establishment","rooftop","677c punggol dr, singapore 823677",1.40733008,1.40463212,103.910551,103.907853
"6","6","MOP","Punggol","Waterway Brooks","22 Sep 2011",2015,156,NA,NA,691,465,NA,1312,2020,103.909202,1.4059811,"establishment","rooftop","677c punggol dr, singapore 823677",1.40733008,1.40463212,103.910551,103.907853
"7","7","MOP","Sengkang","Fernvale Rivergrove","22 Sep 2011",2015,100,NA,484,892,252,NA,1728,2020,103.8805131,1.3966499,"establishment","rooftop","470b fernvale link, singapore 792470",1.39799888,1.39530092,103.8818621,103.8791641
"8","8","MOP","Jurong East","Teban View","22 Sep 2011",2015,NA,NA,185,333,NA,NA,518,2020,103.7374775,1.3219125,"establishment","rooftop","55 - 57 teban gardens rd, singapore 600055",1.32326148,1.32056352,103.7388265,103.7361285
"9","9","MOP","Punggol","Waterway Ridges","24 Nov 2011",2015,NA,NA,224,362,246,NA,832,2020,103.9132209,1.4059009,"establishment","rooftop","670b edgefield plains, singapore 821669",1.40724988,1.40455192,103.9145699,103.9118719
"10","10","MOP","Hougang","Capeview","24 Nov 2011",2015,NA,NA,108,429,244,NA,781,2020,103.9040751,1.3792987,"establishment","rooftop","477c upper serangoon view, singapore 533477",1.38064768,1.37794972,103.9054241,103.9027261
"11","11","MOP","Hougang","Dew Court","24 Nov 2011",2015,198,NA,NA,181,NA,NA,379,2020,103.8935746,1.3635188,"establishment","rooftop","376a hougang street 32, singapore 531376",1.36486778,1.36216982,103.8949236,103.8922256
"12","12","MOP","Yishun","Acacia Breeze","24 Nov 2011",2015,NA,NA,108,418,308,NA,834,2020,103.843994,1.4193772,"clothing_store","rooftop","505a yishun street 51, singapore 761505",1.42072618,1.41802822,103.845343,103.842645
"13","13","MOP","Choa Chu Kang","Sunshine Gardens","12 Jan 2012",2015,104,NA,118,788,518,NA,1528,2020,103.7402665,1.3763898,"establishment","rooftop","488c choa chu kang ave 5, 488d, singapore",1.37773878,1.37504082,103.7416155,103.7389175
"14","14","MOP","Sengkang","Fernvale Lea","12 Jan 2012",2015,NA,100,100,600,350,NA,1150,2020,103.8780162,1.3959613,"establishment","rooftop","469a sengkang w way, singapore 791469",1.39731028,1.39461232,103.8793652,103.8766672
"15","15","MOP","Punggol","Waterway Sunbeam","12 Jan 2012",2015,NA,NA,185,260,216,NA,661,2020,103.9172233,1.3995851,"establishment","rooftop","664a punggol dr, singapore 821664",1.40093408,1.39823612,103.9185723,103.9158743
"16","16","MOP","Bukit Batok","Skyline I @ Bukit Batok","28 Mar 2012",2016,NA,NA,78,216,194,NA,488,2021,103.7454697,1.344939,"establishment","rooftop","194a bukit batok west ave 6, singapore 651194",1.34628798,1.34359002,103.7468187,103.7441207
"17","17","MOP","Bukit Batok","Skyline II @ Bukit Batok","28 Mar 2012",2017,NA,NA,136,301,307,NA,744,2022,103.7480459,1.3437583,"establishment","rooftop","296c bukit batok street 22, singapore 653296",1.34510728,1.34240932,103.7493949,103.7466969
"18","18","MOP","Bukit Panjang","Fajar Hills","28 Mar 2012",2015,NA,NA,146,392,324,NA,862,2020,103.7708612,1.3810669,"establishment","rooftop","442d fajar rd, singapore 674442",1.38241588,1.37971792,103.7722102,103.7695122
"19","19","MOP","Clementi","Clementi Ridges","28 Mar 2012",2016,NA,NA,156,312,216,NA,684,2021,103.7645932,1.3195866,"establishment","rooftop","312 clementi ave 4, singapore 122312",1.32093558,1.31823762,103.7659422,103.7632442
"20","20","MOP","Geylang","MacPherson Residency","28 Mar 2012",2015,NA,NA,211,426,NA,NA,637,2020,103.8886982,1.3294,"establishment","rooftop","18c circuit rd, singapore 373018",1.33074898,1.32805102,103.8900472,103.8873492
"21","21","MOP","Bedok","Ping Yi Greens","28 Mar 2012",2015,NA,98,84,236,NA,NA,418,2020,103.9232223,1.3275598,"establishment","rooftop","807a chai chee rd, singapore 461807",1.32890878,1.32621082,103.9245713,103.9218733
"22","22","MOP","Bukit Timah","Golden Kismis","28 Mar 2012",2015,132,NA,NA,NA,NA,NA,132,2020,103.7719385,1.3383494,"establishment","rooftop","21 toh yi dr, singapore 590021",1.33969838,1.33700042,103.7732875,103.7705895
"23","23","MOP","Toa Payoh","Golden Clover","28 Mar 2012",2015,188,NA,NA,NA,NA,NA,188,2020,103.8589847,1.3313306,"establishment","rooftop","196 kim keat ave, singapore 310196",1.33267958,1.32998162,103.8603337,103.8576357
"24","24","MOP","Sengkang","Compassvale Boardwalk","30 May 2012",2015,NA,NA,NA,252,222,NA,474,2020,103.8959766,1.3965841,"establishment","rooftop","293a compassvale cres, singapore 541293",1.39793308,1.39523512,103.8973256,103.8946276
"25","25","MOP","Choa Chu Kang","Keat Hong Pride","30 May 2012",2016,NA,NA,80,656,407,NA,1143,2021,103.7423207,1.3729806,"establishment","rooftop","804b keat hong cl, singapore 682804",1.37432958,1.37163162,103.7436697,103.7409717
"26","26","MOP","Punggol","Punggol Edge","30 May 2012",2016,NA,NA,128,400,160,NA,688,2021,103.9093692,1.3940868,"establishment","rooftop","122b edgedale plains, singapore 822122",1.39543578,1.39273782,103.9107182,103.9080202
"27","27","MOP","Punggol","Waterway SunDew","30 May 2012",2016,NA,NA,152,423,262,NA,837,2021,103.9182035,1.4020224,"establishment","rooftop","662a edgedale plains, singapore 821662",1.40337138,1.40067342,103.9195525,103.9168545
"28","28","MOP","Kallang/Whampoa","Bendemeer Light","30 May 2012",2016,NA,NA,212,412,NA,NA,624,2021,103.8603679,1.3152039,"establishment","rooftop","10 bendemeer rd, singapore 331010",1.31655288,1.31385492,103.8617169,103.8590189
"29","29","MOP","Kallang/Whampoa","McNair Towers","30 May 2012",2016,270,NA,115,476,NA,NA,861,2021,103.8599708,1.3211714,"establishment","rooftop","113 mcnair rd, singapore 322113",1.32252038,1.31982242,103.8613198,103.8586218
"30","30","MOP","Choa Chu Kang","Keat Hong Axis","31 Jul 2012",2016,NA,98,140,520,372,NA,1130,2021,103.7448487,1.375306,"establishment","rooftop","blk, 809a choa chu kang ave 1, singapore 681809",1.37665498,1.37395702,103.7461977,103.7434997
"31","31","MOP","Punggol","Punggol Opal","31 Jul 2012",2015,NA,128,144,254,NA,NA,526,2020,103.8954588,1.4055689,"establishment","rooftop","256 sumang walk, singapore 820256",1.40691788,1.40421992,103.8968078,103.8941098
"32","32","MOP","Punggol","Waterway Cascadia","31 Jul 2012",2016,NA,NA,242,500,267,NA,1009,2021,103.8971675,1.4089818,"establishment","rooftop","punggol way, 316c, singapore 823316",1.41033078,1.40763282,103.8985165,103.8958185
"33","33","MOP","Clementi","Clementi Gateway","31 Jul 2012",2016,NA,NA,134,144,NA,NA,278,2021,103.7624548,1.3224914,"establishment","geometric_center","clementi ave 6, singapore 122208",1.32384038,1.32114242,103.7638038,103.7611058
"34","34","MOP","Bukit Merah","Depot Heights","31 Jul 2012",2016,114,NA,128,176,NA,NA,418,2021,103.8092881,1.2810873,"establishment","rooftop","109b depot rd, block 109b, singapore 102109",1.28243628,1.27973832,103.8106371,103.8079391
"35","35","MOP","Bukit Merah","Telok Blangah Ridgeview","31 Jul 2012",2016,NA,NA,96,396,NA,NA,492,2021,103.8108498,1.2762179,"establishment","rooftop","70 telok blangah heights, singapore 103070",1.27756688,1.27486892,103.8121988,103.8095008
"36","36","MOP","Geylang","Greentops @ Sims Place","31 Jul 2012",2015,196,NA,142,NA,NA,NA,338,2020,103.8796619,1.3165145,"establishment","geometric_center","63 sims place greentops@sims, singapore 380049",1.31786348,1.31516552,103.8810109,103.8783129
"37","37","MOP","Choa Chu Kang","Keat Hong Quad","27 Sep 2012",2016,NA,NA,NA,334,190,NA,524,2021,103.7465288,1.376422,"establishment","rooftop","815 choa chu kang ave 7, singapore 682815",1.37777098,1.37507302,103.7478778,103.7451798
"38","38","MOP","Woodlands","TreeTrail @ Woodlands","27 Sep 2012",2016,NA,NA,NA,418,234,NA,652,2021,103.793133,1.437782,"establishment","rooftop","889b woodlands drive 50, singapore 732889",1.43913098,1.43643302,103.794482,103.791784
"39","39","MOP","Ang Mo Kio","Cheng San Court","27 Sep 2012",2018,171,NA,178,363,NA,NA,712,2023,103.8536139,1.3712675,"establishment","rooftop","ang mo kio street 51, 590a, singapore 561590",1.37261648,1.36991852,103.8549629,103.8522649
"40","40","MOP","Ang Mo Kio","Teck Ghee Parkview","27 Sep 2012",2017,NA,NA,130,256,190,NA,576,2022,103.8572746,1.3685704,"establishment","rooftop","455 ang mo kio street 44, singapore 560455",1.36991938,1.36722142,103.8586236,103.8559256
"41","41","MOP","Tampines","Tampines Greenlace","27 Sep 2012",2016,NA,NA,NA,215,165,NA,380,2021,103.9313057,1.3567879,"establishment","rooftop","871c tampines street 86, singapore 523871",1.35813688,1.35543892,103.9326547,103.9299567
"42","42","MOP","Kallang/Whampoa","Tenteram Peak","27 Sep 2012",2016,NA,NA,319,436,NA,NA,755,2021,103.8607766,1.3282925,"establishment","rooftop","117b jln tenteram, singapore 322117",1.32964148,1.32694352,103.8621256,103.8594276
"43","43","MOP","Choa Chu Kang","Keat Kong Mirage","21 Nov 2012",2016,NA,NA,114,559,486,NA,1159,2021,103.749297,1.3766345,"establishment","rooftop","817a keat hong link, singapore 681817",1.37798348,1.37528552,103.750646,103.747948
"44","44","MOP","Sengkang","Compassvale Mast","21 Nov 2012",2016,NA,NA,104,465,359,NA,928,2021,103.8941708,1.3904738,"establishment","rooftop","216c compassvale dr, singapore 543216",1.39182278,1.38912482,103.8955198,103.8928218
"45","45","MOP","Sengkang","Rivervale Delta","21 Nov 2012",2016,NA,NA,102,425,357,NA,884,2021,103.9087122,1.3899685,"establishment","rooftop","162c rivervale cres, singapore 543162",1.39131748,1.38861952,103.9100612,103.9073632
"46","46","MOP","Bedok","Fengshan GreenVille","21 Nov 2012",2018,198,NA,182,570,108,NA,1058,2023,103.9413278,1.3316628,"establishment","rooftop","bedok north street 4, 188a, singapore 461188",1.33301178,1.33031382,103.9426768,103.9399788
"47","47","MOP","Queenstown","Ghim Moh Edge","21 Nov 2012",2017,222,NA,296,661,NA,NA,1179,2022,103.7837286,1.3087489,"establishment","rooftop","30 ghim moh link, singapore",1.31009788,1.30739992,103.7850776,103.7823796
"48","48","MOP","Toa Payoh","Joo Seng Green","21 Nov 2012",2016,NA,NA,102,146,NA,NA,248,2021,103.8797696,1.3340626,"establishment","rooftop","3 upper aljunied ln, singapore 360003",1.33541158,1.33271362,103.8811186,103.8784206
"49","49","MOP","Toa Payoh","Toa Payoh Crest","21 Nov 2012",2017,232,NA,311,464,NA,NA,1007,2022,103.8432735,1.338039,"establishment","rooftop","131a lor 1 toa payoh, singapore 311131",1.33938798,1.33669002,103.8446225,103.8419245
"50","50","MOP","Hougang","Hougang ParkEdge","29 Jan 2013",2016,NA,NA,136,204,238,NA,578,2021,103.9006596,1.3763946,"establishment","rooftop","473b upper serangoon cres, singapore 532473",1.37774358,1.37504562,103.9020086,103.8993106
"51","51","MOP","Choa Chu Kang","Keat Hong Colours
","29 Jan 2013",2016,NA,NA,136,484,348,NA,968,2021,103.7460476,1.3734679,"establishment","rooftop","810 choa chu kang ave 7, singapore 681810",1.37481688,1.37211892,103.7473966,103.7446986
"52","52","MOP","Yishun","Oleander Breeze @ Yishun","29 Jan 2013",2016,NA,NA,160,348,180,NA,688,2021,103.841643,1.4155753,"establishment","rooftop","511a yishun street 51, singapore 761511",1.41692428,1.41422632,103.842992,103.840294
"53","53","MOP","Ang Mo Kio","Kebun Baru Court","29 Jan 2013",2017,NA,NA,NA,180,103,NA,283,2022,103.8344757,1.3688977,"establishment","rooftop","260 ang mo kio street 21, singapore 562260",1.37024668,1.36754872,103.8358247,103.8331267
"54","54","MOP","Tampines","Tampines GreenForest","29 Jan 2013",2016,NA,NA,160,264,NA,NA,424,2021,103.9291523,1.3508857,"establishment","rooftop","878b tampines ave 8, singapore 522878",1.35223468,1.34953672,103.9305013,103.9278033
"55","55","MOP","Kallang/Whampoa","Whampoa Dew","29 Jan 2013",2017,156,NA,249,NA,NA,NA,405,2022,103.8555599,1.3250457,"establishment","rooftop","78 lor limau, singapore 320077",1.32639468,1.32369672,103.8569089,103.8542109
"56","56","MOP","Sengkang","Compassvale Cape","21 Mar 2013",2016,168,NA,196,588,440,NA,1392,2021,103.8958944,1.3983812,"establishment","rooftop","287a compassvale cres, singapore 541287",1.39973018,1.39703222,103.8972434,103.8945454
"57","57","MOP","Sengkang","Compassvale Helm","21 Mar 2013",2016,138,NA,NA,253,207,NA,598,2021,103.8908012,1.3819117,"establishment","rooftop","blk, 274b compassvale bow, singapore 542274",1.38326068,1.38056272,103.8921502,103.8894522
"58","58","MOP","Punggol","Matilda Portico","21 Mar 2013",2016,NA,NA,NA,251,219,NA,470,2021,103.8956448,1.4028181,"establishment","rooftop","218 sumang walk, singapore 820218",1.40416708,1.40146912,103.8969938,103.8942958
"59","59","MOP","Bukit Batok","SkyPeak @ Bukit Batok","21 Mar 2013",2017,NA,100,110,790,430,NA,1430,2022,103.7546414,1.3447804,"establishment","rooftop","292a bukit batok east ave 6, singapore 651292",1.34612938,1.34343142,103.7559904,103.7532924
"60","60","MOP","Sembawang","EastBank @ Canberra","30 May 2013",2016,NA,NA,NA,193,179,NA,372,2021,103.8336057,1.4472603,"establishment","rooftop","121c canberra street, singapore 753121",1.44860928,1.44591132,103.8349547,103.8322567
"61","61","MOP","Sembawang","EastBrook @ Canberra","30 May 2013",2017,NA,140,263,627,NA,NA,1030,2022,103.8329686,1.4499034,"establishment","rooftop","107a canberra street, singapore 751107",1.45125238,1.44855442,103.8343176,103.8316196
"62","62","MOP","Sembawang","EastWave @ Canberra","30 May 2013",2017,NA,NA,NA,379,335,NA,714,2022,103.8313172,1.4455753,"establishment","rooftop","120d canberra cres, singapore 754120",1.44692428,1.44422632,103.8326662,103.8299682
"63","63","MOP","Hougang","Golden Mint","30 May 2013",2016,292,NA,NA,NA,NA,NA,292,2021,103.887186,1.3795496,"establishment","rooftop","581 buangkok green, singapore 539748",1.38089858,1.37820062,103.888535,103.885837
"64","64","MOP","Hougang","Hougang Crimson","30 May 2013",2016,NA,NA,104,210,NA,NA,314,2021,103.8818666,1.3752041,"establishment","rooftop","932a hougang ave 9, singapore 531932",1.37655308,1.37385512,103.8832156,103.8805176
"65","65","MOP","Choa Chu Kang","Keat Hong Crest","30 May 2013",2017,NA,NA,146,328,208,NA,682,2022,103.7433614,1.3744888,"establishment","rooftop","801 keat hong cl, singapore",1.37583778,1.37313982,103.7447104,103.7420124
"66","66","MOP","Jurong West","Spring Haven @ Jurong","30 May 2013",2017,NA,90,150,238,NA,NA,478,2022,103.7197797,1.3532112,"establishment","rooftop","561a jurong west street 42, singapore 641561",1.35456018,1.35186222,103.7211287,103.7184307
"67","67","MOP","Woodlands","Woodlands Pasture I & II","30 May 2013",2017,NA,NA,156,509,353,NA,1018,2022,103.8047285,1.4465516,"establishment","rooftop","200 gambas ave, singapore 733784",1.44790058,1.44520262,103.8060775,103.8033795
"68","68","MOP","Yishun","Angsana Breeze @ Yishun","30 Jul 2013",2017,NA,NA,186,520,252,NA,958,2022,103.8393106,1.4142876,"establishment","geometric_center","yishun ave 4, singapore 761507",1.41563658,1.41293862,103.8406596,103.8379616
"69","69","MOP","Yishun","Vine Grove @ Yishun","30 Jul 2013",2016,NA,180,192,324,NA,NA,696,2021,103.8413116,1.4188334,"establishment","rooftop","672a yishun ave 4, vine grove @ yishun - u/c, singapore 761672",1.42018238,1.41748442,103.8426606,103.8399626
"70","70","MOP","Sengkang","Fernvale Riverwalk","30 Jul 2013",2017,NA,121,205,401,NA,NA,727,2022,103.8803066,1.3914157,"establishment","geometric_center","fernvale link, singapore",1.39276468,1.39006672,103.8816556,103.8789576
"71","71","MOP","Bukit Merah","Telok Blangah ParcView","30 Jul 2013",2017,172,NA,386,922,NA,NA,1480,2022,103.8075668,1.2762338,"establishment","rooftop","91a telok blangah street 31, singapore 101091",1.27758278,1.27488482,103.8089158,103.8062178
"72","72","MOP","Punggol","Matilda Edge","26 Sep 2013",2017,NA,192,538,600,NA,NA,1330,2022,103.8947345,1.4019567,"establishment","rooftop","220a sumang lane, singapore 821220",1.40330568,1.40060772,103.8960835,103.8933855
"73","73","MOP","Punggol","The Verandah @ Matilda","26 Sep 2013",2017,NA,NA,NA,258,223,NA,481,2022,103.8934565,1.4026592,"establishment","rooftop","226b sumang lane, singapore 822226",1.40400818,1.40131022,103.8948055,103.8921075
"74","74","MOP","Punggol","Waterway View","26 Sep 2013",2017,NA,NA,190,526,341,NA,1057,2022,103.9162668,1.4034847,"establishment","rooftop","682a edgedale plains, singapore 821682",1.40483368,1.40213572,103.9176158,103.9149178
"75","75","MOP","Yishun","Khatib Court","26 Sep 2013",2017,143,NA,167,NA,NA,NA,310,2022,103.8328343,1.4182878,"establishment","rooftop","813a yishun ring rd, singapore 761813",1.41963678,1.41693882,103.8341833,103.8314853
"76","76","MOP","Yishun","Palm Breeze @ Yishun","26 Sep 2013",2016,NA,NA,96,274,176,NA,546,2021,103.8400963,1.4165297,"establishment","rooftop","502a yishun street 51, singapore 761502",1.41787868,1.41518072,103.8414453,103.8387473
"77","77","MOP","Yishun","Saraca Breeze @ Yishun","26 Sep 2013",2017,NA,84,96,168,84,84,516,2022,103.8443098,1.4158811,"establishment","rooftop","513d yishun street 51, singapore 761513",1.41723008,1.41453212,103.8456588,103.8429608
"78","78","MOP","Woodlands","Admiralty Grove","26 Nov 2013",2017,NA,252,240,333,168,NA,993,2022,103.8037955,1.4379932,"establishment","rooftop","693 woodlands ave 6, singapore 730693",1.43934218,1.43664422,103.8051445,103.8024465
"79","79","MOP","Jurong West","Boon Lay View","26 Nov 2013",2017,NA,NA,140,306,252,112,810,2022,103.7109866,1.3504655,"establishment","rooftop","218 boon lay ave, 218b, singapore 640218",1.35181448,1.34911652,103.7123356,103.7096376
"80","80","MOP","Jurong West","Yung Kuang Court","26 Nov 2013",2017,NA,NA,NA,302,226,NA,528,2022,103.7214902,1.3314879,"establishment","rooftop","166a yung kuang rd, singapore 611166",1.33283688,1.33013892,103.7228392,103.7201412
"81","81","MOP","Sembawang","EastLawn @ Canberra","26 Nov 2013",2017,NA,NA,NA,163,174,NA,337,2022,103.8319959,1.4482245,"establishment","rooftop","108b canberra walk, singapore 752108",1.44957348,1.44687552,103.8333449,103.8306469
"82","82","MOP","Hougang","Hougang Meadow","26 Nov 2013",2017,NA,150,188,394,NA,NA,732,2022,103.8973755,1.369313,"establishment","rooftop","365b upper serangoon rd, singapore 532365",1.37066198,1.36796402,103.8987245,103.8960265
"83","83","MOP","Bukit Batok","West Ridges @ Bukit Batok","26 Nov 2013",2018,NA,202,235,591,550,NA,1578,2023,103.7385589,1.3558015,"establishment","geometric_center","bukit batok west ave 8, singapore",1.35715048,1.35445252,103.7399079,103.7372099
"84","84","MOP","Bukit Batok","Bukit Gombak Vista","22 Jan 2014",2017,156,NA,130,NA,NA,NA,286,2022,103.7502324,1.3594135,"establishment","rooftop","377 bukit batok street 31, singapore 650377",1.36076248,1.35806452,103.7515814,103.7488834
"85","85","MOP","Jurong West","Golden Lavender","22 Jan 2014",2017,149,NA,NA,NA,NA,NA,149,2022,103.6964519,1.3422307,"establishment","rooftop","712a jurong west street 71, singapore 641712",1.34357968,1.34088172,103.6978009,103.6951029
"86","86","MOP","Punggol","Punggol Bayview","22 Jan 2014",2018,NA,NA,202,462,380,52,1096,2023,103.896661,1.4100354,"establishment","rooftop","322d sumang walk, singapore 824322",1.41138438,1.40868642,103.89801,103.895312
"87","87","MOP","Punggol","Punggol Vue
","22 Jan 2014",2017,NA,304,266,NA,NA,NA,570,2022,103.8989687,1.4125294,"establishment","rooftop","blk 327 sumang walk, punggol vue, singapore 822327",1.41387838,1.41118042,103.9003177,103.8976197
"88","88","MOP","Woodlands","Woodlands Glen","22 Jan 2014",2017,NA,300,180,408,NA,NA,888,2022,103.7987432,1.4310337,"establishment","rooftop","573 woodlands drive 16, singapore 731573",1.43238268,1.42968472,103.8000922,103.7973942
"89","89","MOP","Serangoon","Golden Ginger","22 Jan 2014",2017,150,NA,NA,NA,NA,NA,150,2022,103.8735357,1.3667637,"establishment","rooftop","149 serangoon north ave 1, singapore 550128",1.36811268,1.36541472,103.8748847,103.8721867
"90","90","MOP","Sembawang","EastCrown @ Canberra","26 Mar 2014",2017,NA,312,264,370,274,NA,1220,2022,103.8318826,1.444703,"establishment","rooftop","130a canberra cres, singapore 751130",1.44605198,1.44335402,103.8332316,103.8305336
"91","91","MOP","Sembawang","EastLace @ Canberra","26 Mar 2014",2017,NA,140,140,200,NA,NA,480,2022,103.8291887,1.4465795,"establishment","rooftop","115a canberra walk, singapore 751115",1.44792848,1.44523052,103.8305377,103.8278397
"92","92","MOP","Sengkang","Anchorvale Parkview","26 Mar 2014",2017,NA,NA,NA,268,165,70,503,2022,103.8896595,1.399153,"establishment","rooftop","338a anchorvale cres, singapore 541338",1.40050198,1.39780402,103.8910085,103.8883105
"93","93","MOP","Yishun","Fern Grove @ Yishun","26 Mar 2014",2017,NA,288,251,443,312,NA,1294,2022,103.8420054,1.4205609,"establishment","rooftop","673b yishun ave 4, singapore",1.42190988,1.41921192,103.8433544,103.8406564
"94","94","MOP","Bukit Batok","West Crest @ Bukit Batok","22 May 2014",2017,NA,100,NA,206,189,NA,495,2022,103.739209,1.3509816,"establishment","rooftop","445a bukit batok west ave 8, singapore 651445",1.35233058,1.34963262,103.740558,103.73786
"95","95","MOP","Bukit Batok","West Valley @ Bukit Batok","22 May 2014",2018,NA,290,216,418,NA,NA,924,2023,103.7411051,1.3520013,"establishment","rooftop","449b bukit batok west ave 9, singapore 652449",1.35335028,1.35065232,103.7424541,103.7397561
"96","96","MOP","Woodlands","Admiralty Flora","22 May 2014",2017,NA,NA,NA,221,181,NA,402,2022,103.8060758,1.4401822,"establishment","rooftop","691b woodlands drive 73, singapore 732691",1.44153118,1.43883322,103.8074248,103.8047268
"97","97","MOP","Woodlands","Marsiling Greenview
","22 May 2014",2018,NA,289,194,389,382,50,1304,2023,103.7765789,1.4351462,"establishment","geometric_center","woodlands street 13, singapore",1.43649518,1.43379722,103.7779279,103.7752299
"98","98","MOP","Punggol","Matilda Court","19 Jul 2014",2017,NA,320,112,380,350,NA,1162,2022,103.8909577,1.4023353,"establishment","rooftop","232a sumang lane, singapore 821232",1.40368428,1.40098632,103.8923067,103.8896087
"99","99","MOP","Punggol","Waterway Sunray","19 Jul 2014",2017,NA,104,96,194,188,NA,582,2022,103.9188218,1.4006575,"establishment","rooftop","658c punggol e, singapore 823658",1.40200648,1.39930852,103.9201708,103.9174728
"100","100","MOP","Sembawang","Sun Natura
","19 Jul 2014",2018,NA,330,121,397,NA,NA,848,2023,103.813649,1.4468175,"establishment","rooftop","362b sembawang cres, singapore",1.44816648,1.44546852,103.814998,103.8123
"101","101","MOP","Toa Payoh","Toa Payoh Apex","19 Jul 2014",2018,NA,NA,138,419,NA,NA,557,2023,103.8551512,1.3337813,"establishment","rooftop","261 toa payoh e, singapore 310261",1.33513028,1.33243232,103.8565002,103.8538022
"102","102","MOP","Woodlands","Kampung Admiralty","19 Jul 2014",2017,104,NA,NA,NA,NA,NA,104,2022,103.8007771,1.439603,"establishment","rooftop","676 woodlands drive 71, singapore 730676",1.44095198,1.43825402,103.8021261,103.7994281
"103","103","MOP","Yishun","Park Grove @ Yishun","19 Jul 2014",2017,NA,120,NA,204,216,48,588,2022,103.8434644,1.4215242,"establishment","rooftop","676a yishun ring rd, singapore 761676",1.42287318,1.42017522,103.8448134,103.8421154
"104","104","MOP","Bukit Batok","West Terra & Bukit Batok","24 Sep 2014",2018,NA,462,261,616,454,NA,1793,2023,103.7420189,1.3522808,"establishment","rooftop","453a bukit batok west ave 6, west terra, singapore 651453",1.35362978,1.35093182,103.7433679,103.7406699
"105","105","MOP","Hougang","Buangkok Edgeview","24 Sep 2014",2017,NA,NA,NA,232,179,56,467,2022,103.8811592,1.3847847,"establishment","rooftop","997a buangkok cres, singapore 531997",1.38613368,1.38343572,103.8825082,103.8798102
"106","106","MOP","Hougang","Buangkok Square","24 Sep 2014",2018,NA,317,116,292,NA,NA,725,2023,103.8838604,1.3853958,"establishment","rooftop","465 lor buangkok, singapore 547697",1.38674478,1.38404682,103.8852094,103.8825114
"107","107","MOP","Jurong West","Yung Ho Spring I","24 Sep 2014",2018,NA,240,135,266,NA,NA,641,2023,103.7233696,1.3268606,"establishment","rooftop","140a corporation dr, singapore 611140",1.32820958,1.32551162,103.7247186,103.7220206
"108","108","MOP","Jurong West","Yung Ho Spring II","24 Sep 2014",2018,NA,171,95,NA,NA,NA,266,2023,103.722392,1.3267143,"establishment","rooftop","150a corporation dr, singapore 611150",1.32806328,1.32536532,103.723741,103.721043
"109","109","MOP","Kallang/Whampoa","St. George’s Towers","24 Sep 2014",2019,151,NA,124,463,NA,NA,738,2024,103.862117,1.3222715,"establishment","rooftop","25 st george's ln, singapore",1.32362048,1.32092252,103.863466,103.860768
"110","110","MOP","Sembawang","Sun Breeze
","25 Nov 2014",2018,NA,278,116,306,NA,NA,700,2023,103.8171695,1.4439364,"establishment","rooftop","365a sembawang cres, singapore",1.44528538,1.44258742,103.8185185,103.8158205
"111","111","MOP","Sengkang","Anchorvale Fields","25 Nov 2014",2018,NA,224,63,224,NA,NA,511,2023,103.9018617,1.3855816,"establishment","rooftop","118 rivervale dr, #02-01 rivervale plaza, singapore 540118",1.38693058,1.38423262,103.9032107,103.9005127
"112","112","MOP","Yishun","Blossom Spring @ Yishun
","25 Nov 2014",2018,NA,260,130,260,NA,NA,650,2023,103.8502523,1.4272274,"establishment","rooftop","462b yishun ave 6, singapore 762462",1.42857638,1.42587842,103.8516013,103.8489033
"113","113","MOP","Yishun","Meadow Spring @ Yishun","25 Nov 2014",2018,NA,182,77,210,NA,NA,469,2023,103.8524679,1.4249349,"establishment","rooftop","469a yishun street 43, singapore 761469",1.42628388,1.42358592,103.8538169,103.8511189
"114","114","MOP","Tampines","Tampines GreenEdge","25 Nov 2014",2017,NA,NA,154,198,99,NA,451,2022,103.9554444,1.3631229,"establishment","rooftop","494g tampines street 45, singapore 527494",1.36447188,1.36177392,103.9567934,103.9540954
"115","115","MOP","Tampines","Tampines GreenRidges
","25 Nov 2014",2019,NA,NA,454,740,246,56,1496,2024,103.9370231,1.3605525,"establishment","rooftop","601a tampines ave 9, singapore 521601",1.36190148,1.35920352,103.9383721,103.9356741
"116","116","MOP","Bukit Batok","West Edge @ Bukit Batok
","11 Feb 2015",2019,NA,628,108,646,212,NA,1594,2024,103.7399914,1.3590445,"establishment","rooftop","436a bukit batok west ave 5, singapore 651436",1.36039348,1.35769552,103.7413404,103.7386424
"117","117","MOP","Bukit Batok","West Rock @ Bukit Batok","11 Feb 2015",2018,NA,NA,NA,218,172,58,448,2023,103.7402898,1.355182,"establishment","rooftop","461a bukit batok west ave 8, singapore 651461",1.35653098,1.35383302,103.7416388,103.7389408
"118","118","MOP","Hougang","Buangkok Parkvista","11 Feb 2015",2018,NA,198,95,192,NA,NA,485,2023,103.8803685,1.3840108,"establishment","rooftop","998a buangkok cres, singapore 531998",1.38535978,1.38266182,103.8817175,103.8790195
"119","119","MOP","Hougang","Buangkok Tropica","11 Feb 2015",2018,NA,285,90,343,NA,NA,718,2023,103.8820399,1.385146,"establishment","rooftop","995a buangkok cres, singapore",1.38649498,1.38379702,103.8833889,103.8806909
"120","120","MOP","Geylang","MacPherson Spring","11 Feb 2015",2019,168,NA,204,378,NA,NA,750,2024,103.8894844,1.3241946,"establishment","rooftop","82a circuit rd, singapore 371082",1.32554358,1.32284562,103.8908334,103.8881354
"121","121","MOP","Clementi","Clementi Crest","27 May 2015",2020,NA,NA,NA,229,156,NA,385,2025,103.7639162,1.3133352,"establishment","geometric_center","singapore",1.31468418,1.31198622,103.7652652,103.7625672
"122","122","MOP","Punggol","Northshore Residences I","27 May 2015",2020,NA,208,64,227,89,NA,588,2025,103.9016318,1.4162076,"establishment","geometric_center","singapore",1.41755658,1.41485862,103.9029808,103.9002828
"123","123","MOP","Punggol","Northshore Residences II","27 May 2015",2020,NA,338,48,292,136,NA,814,2025,103.9016318,1.4162076,"establishment","geometric_center","singapore",1.41755658,1.41485862,103.9029808,103.9002828
"124","124","MOP","Sembawang","EastLink I @ Canberra","27 May 2015",2019,NA,229,139,232,NA,NA,600,2024,103.8302401,1.4452047,"establishment","rooftop","117a canberra cres, singapore 751117",1.44655368,1.44385572,103.8315891,103.8288911
"125","125","MOP","Sembawang","EastLink II @ Canberra","27 May 2015",2019,NA,174,116,151,NA,NA,441,2024,103.8302401,1.4452047,"establishment","rooftop","117a canberra cres, singapore 751117",1.44655368,1.44385572,103.8315891,103.8288911
"126","126","MOP","Tampines","Tampines GreenWeave","27 May 2015",2019,224,NA,80,465,391,56,1216,2024,103.9406903,1.3534975,"establishment","rooftop","1 tampines walk, #01-21 our tampines hub, singapore 528523",1.35484648,1.35214852,103.9420393,103.9393413
"127","127","MOP","Bidadari","Alkaff LakeView","17 Nov 2015",2019,NA,NA,198,333,NA,NA,531,2024,103.8722204,1.3363156,"establishment","geometric_center","alkaff crescent, singapore 341118",1.33766458,1.33496662,103.8735694,103.8708714
"128","128","MOP","Bidadari","Alkaff Vista","17 Nov 2015",2019,NA,NA,NA,199,151,NA,350,2024,103.8714553,1.3339626,"establishment","geometric_center","upper serangoon rd, singapore",1.33531158,1.33261362,103.8728043,103.8701063
"129","129","MOP","Bukit Batok","West Quarry @ Bukit Batok","17 Nov 2015",2019,NA,337,79,220,NA,NA,636,2024,103.7393258,1.3542492,"establishment","rooftop","460a bukit batok west ave 9, singapore 651460",1.35559818,1.35290022,103.7406748,103.7379768
"130","130","MOP","Choa Chu Kang","Teck Whye Vista","17 Nov 2015",2020,NA,126,NA,NA,NA,NA,126,2025,103.755083,1.377951,"establishment","rooftop","25 teck whye ln, singapore 680025",1.37929998,1.37660202,103.756432,103.753734
"131","131","MOP","Hougang","Hougang RiverCourt","17 Nov 2015",2020,NA,NA,NA,155,83,47,285,2025,103.8946885,1.3626123,"establishment","rooftop","377 hougang street 32, singapore 530377",1.36396128,1.36126332,103.8960375,103.8933395
"132","132","MOP","Punggol","Waterfront I @ Northshore","17 Nov 2015",2020,NA,150,116,370,106,49,791,2025,103.9022587,1.4160392,"establishment","rooftop","500 ponggol seventeenth ave, singapore 828859",1.41738818,1.41469022,103.9036077,103.9009097
"133","133","MOP","Punggol","Waterfront II @ Northshore","17 Nov 2015",2020,NA,212,115,387,141,48,903,2025,103.9017599,1.4184607,"establishment","geometric_center","singapore",1.41980968,1.41711172,103.9031089,103.9004109
"134","134","MOP","Punggol","Northshore StraitsView","17 Nov 2015",2020,NA,469,98,264,190,NA,1021,2025,103.9022587,1.4160392,"establishment","rooftop","500 ponggol seventeenth ave, singapore 828859",1.41738818,1.41469022,103.9036077,103.9009097
"135","135","MOP","Sengkang","Fernvale Woods","17 Nov 2015",2019,NA,607,135,226,192,NA,1160,2024,103.8709559,1.3913936,"establishment","rooftop","455 sengkang w rd, singapore 790455",1.39274258,1.39004462,103.8723049,103.8696069
"136","136","MOP","Bidadari","Alkaff Oasis","24 Feb 2016",2020,NA,218,340,800,165,71,1594,2025,103.8727282,1.3346028,"establishment","rooftop","1 cedar ave, singapore 349692",1.33595178,1.33325382,103.8740772,103.8713792
"137","137","MOP","Bukit Batok","West Plains @ Bukit Batok","24 Feb 2016",2020,NA,674,187,410,384,NA,1655,2025,103.7422631,1.3580589,"establishment","rooftop","464b bukit batok west ave 8, singapore 652464",1.35940788,1.35670992,103.7436121,103.7409141
"138","138","MOP","Sengkang","Anchorvale Plains","24 Feb 2016",2020,NA,448,96,260,117,NA,921,2025,103.8851063,1.3929584,"establishment","rooftop","355a anchorvale ln, singapore 541355",1.39430738,1.39160942,103.8864553,103.8837573
"139","139","MOP","Bukit Panjang","Senja Heights","24 May 2016",2021,NA,253,85,214,NA,NA,552,2026,103.761581,1.381349,"establishment","rooftop","606 senja rd, singapore 670606",1.38269798,1.38000002,103.76293,103.760232
"140","140","MOP","Bukit Panjang","Senja Ridges","24 May 2016",2021,NA,NA,NA,106,62,62,230,2026,103.761881,1.380845,"establishment","rooftop","605 senja rd, singapore 670605",1.38219398,1.37949602,103.76323,103.760532
"141","141","MOP","Bukit Panjang","Senja Valley","24 May 2016",2021,NA,400,105,205,79,NA,789,2026,103.7634149,1.3885828,"establishment","geometric_center","senja rd, singapore",1.38993178,1.38723382,103.7647639,103.7620659
"142","142","MOP","Sembawang","EastCreek @ Canberra","24 May 2016",2019,NA,610,116,350,176,NA,1252,2024,103.8304504,1.451342,"establishment","rooftop","101a canberra street, singapore 751101",1.45269098,1.44999302,103.8317994,103.8291014
"143","143","MOP","Ang Mo Kio","Ang Mo Kio Court","24 May 2016",2020,NA,156,NA,234,148,52,590,2025,103.840314,1.3682685,"establishment","rooftop","2 ang mo kio street 23, singapore 569341",1.36961748,1.36691952,103.841663,103.838965
"144","144","MOP","Bedok","Bedok North Woods","24 May 2016",2020,NA,NA,110,247,NA,NA,357,2025,103.9328077,1.3294743,"establishment","rooftop","429a, 429b, 430a, 431a bedok north rd, singapore 461430",1.33082328,1.32812532,103.9341567,103.9314587
"145","145","MOP","Hougang","Buangkok Woods","17 Aug 2016",2019,NA,364,97,250,NA,NA,711,2024,103.8832865,1.3851951,"establishment","geometric_center","singapore",1.38654408,1.38384612,103.8846355,103.8819375
"146","146","MOP","Sembawang","EastDelta @ Canberra","17 Aug 2016",2019,NA,NA,NA,304,266,NA,570,2024,103.8349355,1.4452428,"establishment","rooftop","126a canberra street, singapore 753126",1.44659178,1.44389382,103.8362845,103.8335865
"147","147","MOP","Yishun","Valley Spring @ Yishun","17 Aug 2016",2020,NA,416,100,308,NA,NA,824,2025,103.8513727,1.4288169,"establishment","rooftop","478a yishun street 44, singapore 761478",1.43016588,1.42746792,103.8527217,103.8500237
"148","148","MOP","Tampines","Tampines GreenView","17 Aug 2016",2019,NA,NA,112,395,207,NA,714,2024,103.9346505,1.3653478,"establishment","rooftop","612b tampines north drive 1, singapore 522612",1.36669678,1.36399882,103.9359995,103.9333015
"149","149","MOP","Tampines","Tampines GreenVerge","17 Aug 2016",2021,NA,NA,244,1106,612,60,2022,2026,103.940028,1.3618271,"establishment","rooftop","625b tampines street 61, singapore 522625",1.36317608,1.36047812,103.941377,103.938679
"150","150","MOP","Punggol","Matilda Sundeck","22 Nov 2016",2020,NA,NA,NA,295,195,NA,490,2025,103.8921881,1.4028105,"establishment","rooftop","229a sumang lane, singapore 821229",1.40415948,1.40146152,103.8935371,103.8908391
"151","151","MOP","Punggol","Northshore Trio","22 Nov 2016",2021,NA,198,94,117,NA,NA,409,2026,103.9022587,1.4160392,"establishment","rooftop","500 ponggol seventeenth ave, singapore 828859",1.41738818,1.41469022,103.9036077,103.9009097
"152","152","MOP","Punggol","Waterway Sunrise I","22 Nov 2016",2021,NA,671,80,341,138,65,1295,2026,103.9199535,1.399918,"establishment","rooftop","657a punggol e, singapore 822659",1.40126698,1.39856902,103.9213025,103.9186045
"153","153","MOP","Bedok","Bedok Beacon","22 Nov 2016",2021,NA,200,NA,300,NA,NA,500,2026,103.9277272,1.3240545,"establishment","rooftop","bedok north, u c, singapore 460222",1.32540348,1.32270552,103.9290762,103.9263782
"154","154","MOP","Bedok","Bedok North Vale","22 Nov 2016",2020,NA,121,94,NA,NA,NA,215,2025,103.925242,1.3303879,"establishment","rooftop","u c, singapore 460547",1.33173688,1.32903892,103.926591,103.923893
"155","155","MOP","Bedok","Bedok South Horizon","22 Nov 2016",2021,NA,209,NA,457,274,NA,940,2026,103.947097,1.3181586,"establishment","rooftop","blk, 152 bedok s rd, singapore",1.31950758,1.31680962,103.948446,103.945748
"156","156","MOP","Bidadari","Woodleigh Village","22 Nov 2016",2021,NA,NA,171,159,NA,NA,330,2026,103.8707373,1.3391274,"establishment","geometric_center","woodleigh, singapore",1.34047638,1.33777842,103.8720863,103.8693883
"157","157","MOP","Kallang/Whampoa","Kallang Residences","22 Nov 2016",2021,NA,NA,85,158,NA,NA,243,2026,103.869263,1.3215389,"establishment","rooftop","67 kallang bahru, singapore 330067",1.32288788,1.32018992,103.870612,103.867914
"158","158","MOP","Punggol","Northshore Cove","14 Feb 2017",2021,NA,310,114,207,170,NA,801,2026,103.9062482,1.4199116,"establishment","geometric_center","northshore blk 425a 821425, crescent rd, singapore",1.42126058,1.41856262,103.9075972,103.9048992
"159","159","MOP","Punggol","Waterway Sunrise II","14 Feb 2017",2021,NA,403,95,516,NA,NA,1014,2026,103.9199535,1.399918,"establishment","rooftop","657a punggol e, singapore 822659",1.40126698,1.39856902,103.9213025,103.9186045
"160","160","MOP","Clementi","Clementi NorthArc","14 Feb 2017",2022,NA,NA,148,529,404,98,1179,2027,103.7621079,1.323519,"establishment","geometric_center","clementi ave 6, singapore",1.32486798,1.32217002,103.7634569,103.7607589
"161","161","MOP","Clementi","Clementi Peaks","14 Feb 2017",2022,NA,NA,70,237,117,NA,424,2027,103.7680058,1.3107835,"establishment","rooftop","464 clementi ave 1, singapore 122464",1.31213248,1.30943452,103.7693548,103.7666568
"162","162","MOP","Tampines","Tampines GreenBloom","14 Feb 2017",2020,NA,NA,NA,153,111,55,319,2025,103.9300129,1.3526458,"establishment","rooftop","876a tampines ave 8, singapore 521876",1.35399478,1.35129682,103.9313619,103.9286639
"163","163","MOP","Tampines","Tampines GreenFlora","14 Feb 2017",2020,NA,NA,NA,153,125,41,319,2025,103.930882,1.3542245,"establishment","rooftop","874b tampines street 84, singapore 522874",1.35557348,1.35287552,103.932231,103.929533
"164","164","MOP","Woodlands","Marsiling Grove","18 May 2017",2022,NA,493,87,421,187,58,1246,2027,103.7745925,1.4367209,"establishment","geometric_center","woodlands street 13, singapore",1.43806988,1.43537192,103.7759415,103.7732435
"165","165","MOP","Woodlands","Woodlands Spring","18 May 2017",2020,NA,NA,72,100,NA,NA,172,2025,103.799673,1.438299,"establishment","rooftop","651 woodlands ring rd, singapore 730651",1.43964798,1.43695002,103.801022,103.798324
"166","166","MOP","Yishun","Forest Spring @ Yishun","18 May 2017",2021,NA,320,85,251,100,NA,756,2026,103.8524002,1.4258525,"establishment","rooftop","470b yishun street 42, singapore 762470",1.42720148,1.42450352,103.8537492,103.8510512
"167","167","MOP","Bidadari","Woodleigh Hillside","18 May 2017",2022,NA,158,143,680,326,48,1355,2027,103.875035,1.3425497,"establishment","geometric_center","bidadari park drive, singapore",1.34389868,1.34120072,103.876384,103.873686
"168","168","MOP","Geylang","Dakota Breeze","18 May 2017",2021,NA,166,117,671,NA,NA,954,2026,103.8890051,1.3093954,"establishment","rooftop","92a jln satu, singapore 391092",1.31074438,1.30804642,103.8903541,103.8876561
"169","169","MOP","Geylang","Pine Vista","18 May 2017",2020,NA,136,183,NA,NA,NA,319,2025,103.8857594,1.3105538,"establishment","rooftop","37a pine ln, singapore 391037",1.31190278,1.30920482,103.8871084,103.8844104
"170","170","MOP","Bukit Batok","Sky Vista","01 Aug 2017",2022,NA,123,134,NA,NA,NA,257,2027,103.742288,1.3620166,"establishment","rooftop","433a bukit batok west ave 8, singapore 651433",1.36336558,1.36066762,103.743637,103.740939
"171","171","MOP","Bukit Batok","West Scape","01 Aug 2017",2021,NA,504,118,340,178,NA,1140,2026,103.742288,1.3620166,"establishment","rooftop","433a bukit batok west ave 8, singapore 651433",1.36336558,1.36066762,103.743637,103.740939
"172","172","MOP","Sengkang","Rivervale Shores","01 Aug 2017",2022,NA,1074,174,678,574,NA,2500,2027,103.9098991,1.38712,"establishment","rooftop","172a sengkang e dr, singapore 541172",1.38846898,1.38577102,103.9112481,103.9085501
"173","173","MOP","Punggol","Northshore Edge","14 Nov 2017",2021,NA,NA,NA,192,196,NA,388,2026,103.9012265,1.4148738,"establishment","geometric_center","northshore walk, singapore",1.41622278,1.41352482,103.9025755,103.8998775
"174","174","MOP","Sengkang","Anchorvale Village","14 Nov 2017",2022,NA,104,103,NA,NA,NA,207,2027,103.888033,1.3965247,"establishment","rooftop","339a anchorvale rd, singapore 541339",1.39787368,1.39517572,103.889382,103.886684
"175","175","MOP","Sengkang","Fernvale Glades
","14 Nov 2017",2021,NA,533,104,390,221,52,1300,2026,103.8707038,1.3949256,"establishment","rooftop","blk, 461b sengkang w way, singapore",1.39627458,1.39357662,103.8720528,103.8693548
"176","176","MOP","Geylang","Eunos Court","14 Nov 2017",2022,NA,107,97,538,NA,NA,742,2027,103.901417,1.3205992,"establishment","rooftop","32 eunos cres, singapore 400032",1.32194818,1.31925022,103.902766,103.900068
"177","177","MOP","Tampines","Tampines GreenCourt","14 Nov 2017",2022,NA,192,186,1228,586,NA,2192,2027,103.9418589,1.363855,"establishment","rooftop","636b tampines north drive 2, singapore 522636",1.36520398,1.36250602,103.9432079,103.9405099
"178","178","MOP","Choa Chu Kang","Teck Whye View","06 Feb 2018",2022,NA,252,84,238,NA,NA,574,2027,103.7585205,1.3799105,"establishment","rooftop","161b jln teck whye, singapore 682161",1.38125948,1.37856152,103.7598695,103.7571715
"179","179","MOP","Woodlands","Woodlands Glade","06 Feb 2018",2021,NA,285,90,164,90,NA,629,2026,103.8023954,1.4495841,"establishment","rooftop","781b woodlands ave 9, singapore 732781",1.45093308,1.44823512,103.8037444,103.8010464
"180","180","MOP","Geylang","Ubi Grove","06 Feb 2018",2022,NA,120,80,993,NA,NA,1193,2027,103.8992134,1.3267949,"establishment","rooftop","356a ubi rd 3, singapore 401356",1.32814388,1.32544592,103.9005624,103.8978644
"181","181","MOP","Tampines","Tampines GreenDew","06 Feb 2018",2021,NA,NA,84,334,308,NA,726,2026,103.9393898,1.3672436,"establishment","rooftop","648b tampines industrial street 62, singapore 522648",1.36859258,1.36589462,103.9407388,103.9380408
"182","182","MOP","Tampines","Tampines GreenFoliage","06 Feb 2018",2021,NA,NA,NA,310,232,NA,542,2026,103.943079,1.365855,"establishment","rooftop","646a tampines industrial street 62, singapore 521646",1.36720398,1.36450602,103.944428,103.94173
"183","183","MOP","Sengkang","Fernvale Dew","22 May 2018",2022,NA,526,218,354,90,NA,1188,2027,103.8701991,1.3898356,"establishment","rooftop","400a fernvale ln, singapore 791400",1.39118458,1.38848662,103.8715481,103.8688501
"184","184","MOP","Yishun","Casa Spring @ Yishun","22 May 2018",2021,NA,429,NA,312,180,48,969,2026,103.8501402,1.4257168,"establishment","rooftop","466a yishun ave 6, singapore 761466",1.42706578,1.42436782,103.8514892,103.8487912
"185","185","MOP","Tampines","Tampines GreenVines","22 May 2018",2022,NA,NA,98,716,457,NA,1271,2027,103.9447821,1.3655031,"establishment","rooftop","640b tampines industrial street 62, singapore 522640",1.36685208,1.36415412,103.9461311,103.9434331
"186","186","MOP","Toa Payoh","Kim Keat Beacon","22 May 2018",2022,NA,NA,101,441,NA,NA,542,2027,103.85906,1.3321091,"establishment","rooftop","266a kim keat ave, singapore 311266",1.33345808,1.33076012,103.860409,103.857711
"187","187","MOP","Punggol","Punggol Point Cove","28 Aug 2018",2023,NA,504,92,312,234,30,1172,2028,103.9110284,1.4193302,"establishment","rooftop","436b northshore dr, singapore 822436",1.42067918,1.41798122,103.9123774,103.9096794
"188","188","MOP","Punggol","Punggol Point Woods","28 Aug 2018",2023,NA,387,98,333,122,NA,940,2028,103.9107426,1.4171146,"establishment","rooftop","433b northshore walk, #02-902 punggol point woods, singapore 822433",1.41846358,1.41576562,103.9120916,103.9093936
"189","189","MOP","Yishun","Melody Spring @ Yishun 1","28 Aug 2018",2021,NA,282,NA,252,36,NA,570,2026,103.8540588,1.4266597,"establishment","rooftop","475a yishun ave 1, singapore 761477",1.42800868,1.42531072,103.8554078,103.8527098
"190","190","MOP","Yishun","Yishun Glen","28 Aug 2018",2022,NA,727,168,490,308,NA,1693,2027,103.846063,1.4301457,"establishment","rooftop","381c yishun ring rd, singapore 763381",1.43149468,1.42879672,103.847412,103.844714
"191","191","MOP","Sembawang","EastGlen @ Canberra","13 Nov 2018",2020,NA,NA,83,131,96,NA,310,2025,103.8299002,1.4482246,"establishment","rooftop","109a canberra walk, singapore 751109",1.44957358,1.44687562,103.8312492,103.8285512
"192","192","MOP","Sengkang","Fernvale Acres","13 Nov 2018",2021,NA,NA,NA,198,132,NA,330,2026,103.8713274,1.389063,"establishment","rooftop","402a fernvale ln, singapore 791402",1.39041198,1.38771402,103.8726764,103.8699784
"193","193","MOP","Tengah","Plantation Grove","13 Nov 2018",2023,NA,522,119,536,395,48,1620,2028,103.7308145,1.3555189,"neighborhood","approximate","tengah, singapore",1.37896,1.345992,103.748467,103.706412
"194","194","MOP","Yishun","Melody Spring @ Yishun 2","13 Nov 2018",2020,NA,NA,96,252,108,NA,456,2025,103.8540588,1.4266597,"establishment","rooftop","475a yishun ave 1, singapore 761477",1.42800868,1.42531072,103.8554078,103.8527098
"195","195","MOP","Tampines","Tampines GreenGem","13 Nov 2018",2023,NA,160,104,492,330,NA,1086,2028,103.9356845,1.3435212,"establishment","rooftop","952a tampines street, 96, singapore 521952",1.34487018,1.34217222,103.9370335,103.9343355
"196","196","MOP","Jurong West","Boon Lay Glade","12 Feb 2019",2022,NA,313,64,274,97,27,775,2027,103.6936205,1.3354284,"establishment","geometric_center","jurong west street 93, singapore",1.33677738,1.33407942,103.6949695,103.6922715
"197","197","MOP","Jurong West","Jurong West Jewel","12 Feb 2019",2022,NA,187,102,157,153,NA,599,2027,103.6936205,1.3354284,"establishment","geometric_center","jurong west street 93, singapore",1.33677738,1.33407942,103.6949695,103.6922715
"198","198","MOP","Sengkang","Fernvale Vines","12 Feb 2019",2023,NA,437,92,216,148,40,933,2028,103.8766905,1.3983676,"establishment","rooftop","465a fernvale rd, singapore 791465",1.39971658,1.39701862,103.8780395,103.8753415
"199","199","MOP","Kallang/Whampoa","Kallang Breeze","12 Feb 2019",2022,NA,NA,88,323,NA,NA,411,2027,103.8738138,1.3143776,"establishment","rooftop","20b lor 3 geylang, singapore 383020",1.31572658,1.31302862,103.8751628,103.8724648
"200","200","MOP","Kallang/Whampoa","Towner Crest","12 Feb 2019",2023,NA,NA,104,340,NA,NA,444,2028,103.8738138,1.3143776,"establishment","rooftop","20b lor 3 geylang, singapore 383020",1.31572658,1.31302862,103.8751628,103.8724648
"201","201","MOP","Tengah","Garden Vale @ Tengah","22 May 2019",2023,NA,464,91,220,212,NA,987,2028,103.7333249,1.3598323,"establishment","geometric_center","singapore",1.36118128,1.35848332,103.7346739,103.7319759
"202","202","MOP","Tengah","Plantation Acres","22 May 2019",2022,NA,543,104,287,259,NA,1193,2027,103.7308145,1.3555189,"neighborhood","approximate","tengah, singapore",1.37896,1.345992,103.748467,103.706412
"203","203","MOP","Kallang/Whampoa","Kempas Residences","22 May 2019",2024,NA,150,115,318,NA,NA,583,2029,103.8593269,1.3172849,"establishment","rooftop","705 serangoon rd, singapore 328127",1.31863388,1.31593592,103.8606759,103.8579779
"204","204","MOP","Punggol","Punggol Point Cove","11 Sep 2019",2024,NA,544,91,371,173,NA,1179,2029,103.9110284,1.4193302,"establishment","rooftop","436b northshore dr, singapore 822436",1.42067918,1.41798122,103.9123774,103.9096794
"205","205","MOP","Punggol","Punggol Point Crown","11 Sep 2019",2023,NA,716,98,501,230,NA,1545,2028,103.9110284,1.4193302,"establishment","rooftop","436b northshore dr, singapore 822436",1.42067918,1.41798122,103.9123774,103.9096794
"206","206","MOP","Tampines","Tampines GreenGlen","11 Sep 2019",2023,NA,NA,NA,330,319,NA,649,2028,103.9483686,1.3554734,"establishment","rooftop","662a tampines street 21, singapore 521662",1.35682238,1.35412442,103.9497176,103.9470196
"207","207","MOP","Tengah","Garden Vines @ Tengah","12 Nov 2019",2023,NA,418,90,201,191,NA,900,2028,103.7317692,1.3611945,"establishment","geometric_center","singapore",1.36254348,1.35984552,103.7331182,103.7304202
"208","208","MOP","Tengah","Plantation Grange","12 Nov 2019",2022,NA,346,91,406,258,39,1140,2027,103.7308252,1.3554331,"establishment","geometric_center","singapore",1.35678208,1.35408412,103.7321742,103.7294762
"209","209","MOP","Tengah","Plantation Village","12 Nov 2019",2023,NA,426,112,484,398,NA,1420,2028,103.7340544,1.3585237,"establishment","geometric_center","singapore",1.35987268,1.35717472,103.7354034,103.7327054
"210","210","MOP","Ang Mo Kio","Yio Chu Kang Beacon","12 Nov 2019",2023,NA,132,87,235,NA,NA,454,2028,103.8418911,1.3833851,"establishment","geometric_center","singapore",1.38473408,1.38203612,103.8432401,103.8405421
"211","211","MOP","Tampines","Tampines GreenSpring","12 Nov 2019",2023,NA,156,90,218,193,NA,657,2028,103.9405828,1.3546125,"establishment","rooftop","495 tampines ave 5, singapore 529649",1.35596148,1.35326352,103.9419318,103.9392338
"212","212","MOP","Sembawang","Canberra Vista","11 Feb 2020",2024,NA,692,124,385,221,45,1467,2029,103.8293357,1.4399446,"establishment","rooftop","380a canberra dr, singapore 761380",1.44129358,1.43859562,103.8306847,103.8279867
"213","213","MOP","Toa Payoh","Kim Keat Ripples","11 Feb 2020",2024,NA,150,NA,558,NA,NA,708,2029,103.8585033,1.3335284,"establishment","rooftop","270a toa payoh e, singapore 311270",1.33487738,1.33217942,103.8598523,103.8571543
"214","214","MOP","Toa Payoh","Toa Payoh Ridge","11 Feb 2020",2025,NA,165,102,653,NA,NA,920,2030,103.8433925,1.3390926,"establishment","rooftop","6 toa payoh rise, singapore 318933",1.34044158,1.33774362,103.8447415,103.8420435
"215","215","MOP","Choa Chu Kang","Keat Hong Verge","12 Aug 2020",2023,NA,163,118,290,NA,NA,571,2028,103.7456835,1.3850933,"establishment","rooftop","309 choa chu kang ave 4, #07-01, singapore 680309",1.38644228,1.38374432,103.7470325,103.7443345
"216","216","MOP","Tengah","Parc Residences @ Tengah","12 Aug 2020",2025,NA,480,99,281,184,NA,1044,2030,103.7308145,1.3555189,"neighborhood","approximate","tengah, singapore",1.37896,1.345992,103.748467,103.706412
"217","217","MOP","Woodlands","UrbanVille @ Woodlands","12 Aug 2020",2026,NA,696,144,507,438,NA,1785,2031,103.7889597,1.4381922,"neighborhood","approximate","woodlands, singapore",1.4613959,1.421458,103.8116452,103.7649678
"218","218","MOP","Ang Mo Kio","Kebun Baru Edge","12 Aug 2020",2025,NA,NA,NA,240,140,NA,380,2030,103.8345568,1.3703801,"establishment","rooftop","254 ang mo kio ave 4, singapore 560254",1.37172908,1.36903112,103.8359058,103.8332078
"219","219","MOP","Bishan","Bishan Towers","12 Aug 2020",2025,NA,120,80,272,NA,NA,472,2030,103.8435261,1.3573749,"establishment","rooftop","278 bishan street 22, 278, singapore 570278",1.35872388,1.35602592,103.8448751,103.8421771
"220","220","MOP","Geylang","Dakota One","12 Aug 2020",2025,NA,NA,87,334,NA,NA,421,2030,103.8871123,1.3201362,"establishment","rooftop","118 aljunied ave 2, #03-100, singapore 380118",1.32148518,1.31878722,103.8884613,103.8857633
"221","221","MOP","Pasir Ris","Costa Grove
","12 Aug 2020",2025,NA,212,160,373,325,NA,1070,2030,103.9472922,1.3773575,"establishment","geometric_center","pasir ris drive 3, singapore",1.37870648,1.37600852,103.9486412,103.9459432
"222","222","MOP","Tampines","Tampines GreenCrest","12 Aug 2020",2023,NA,NA,88,146,112,NA,346,2028,103.9406903,1.3534975,"establishment","rooftop","1 tampines walk, #01-21 our tampines hub, singapore 528523",1.35484648,1.35214852,103.9420393,103.9393413
"223","223","MOP","Tampines","Tampines GreenGlade","12 Aug 2020",2023,NA,NA,NA,179,175,NA,354,2028,103.9346015,1.3670023,"establishment","geometric_center","tampines ave 11, singapore",1.36835128,1.36565332,103.9359505,103.9332525
"224","224","MOP","Tampines","Tampines GreenOpal","12 Aug 2020",2025,NA,NA,94,546,430,NA,1070,2030,103.9406903,1.3534975,"establishment","rooftop","1 tampines walk, #01-21 our tampines hub, singapore 528523",1.35484648,1.35214852,103.9420393,103.9393413
"225","225","MOP","Woodlands","Golden Saffron","27 Sep 2012",2015,128,NA,NA,NA,NA,NA,128,2020,103.797924,1.4448482,"street_address","rooftop","81 woodlands cir, singapore 738909",1.44619718,1.44349922,103.799273,103.796575
"226","226","MOP","Bidadari","Alkaff CourtView","17 Nov 2015",2020,NA,192,369,697,NA,NA,1258,2025,103.8718446,1.3365945,"street_address","rooftop","102a bidadari park drive, singapore 341102",1.33794348,1.33524552,103.8731936,103.8704956
"227","227","MOP","Bidadari","Woodleigh Glen","22 Nov 2016",2021,NA,130,130,428,NA,NA,688,2026,103.8716317,1.3407875,"street_address","range_interpolated","205 woodleigh link, singapore",1.34213648,1.33943852,103.8729807,103.8702827
"228","228","MOP","Woodlands","Champions Green","22 May 2019",2023,NA,342,88,157,135,NA,722,2028,103.790016,1.4272453,"street_address","rooftop","568a champions way, singapore 731568",1.42859428,1.42589632,103.791365,103.788667
"229","229","MOP","Woodlands","Champions Bliss","12 Aug 2020",2024,NA,150,NA,199,NA,NA,349,2029,103.7858113,1.4410489,"premise","rooftop","802 woodlands street 81, block 802, singapore 730802",1.44225538,1.43955742,103.7875479,103.78485
